STATION,STATION_NAME,DATE,PRCP,SNWD,SNOW,WESF
GHCND:US1WAKG0188,SEATTLE 3.3 N WA US,20130101,0.00,-9999,0.0,-9999
GHCND:US1WAKG0188,SEATTLE 3.3 N WA US,20130102,0.00,-9999,0.0,-9999
GHCND:US1WAKG0188,SEATTLE 3.3 N WA US,20130103,0.00,-9999,0.0,-9999
GHCND:US1WAKG0188,SEATTLE 3.3 N WA US,20130104,0.27,-9999,-9999,-9999
GHCND:US1WAKG0188,SEATTLE 3.3 N WA US,20130105,0.00,-9999,-9999,-9999
GHCND:US1WAKG0188,SEATTLE 3.3 N WA US,20130106,0.07,-9999,-9999,-9999
GHCND:US1WAKG0188,SEATTLE 3.3 N WA US,20130107,0.07,-9999,-9999,-9999
GHCND:US1WAKG0188,SEATTLE 3.3 N WA US,20130108,0.04,-9999,-9999,-9999
GHCND:US1WAKG0188,SEATTLE 3.3 N WA US,20130109,0.84,-9999,-9999,-9999
GHCND:US1WAKG0188,SEATTLE 3.3 N WA US,20130110,0.24,-9999,-9999,-9999
GHCND:US1WAKG0188,SEATTLE 3.3 N WA US,20130111,0.04,-9999,-9999,-9999
GHCND:US1WAKG0188,SEATTLE 3.3 N WA US,20130112,0.00,-9999,0.0,-9999
GHCND:US1WAKG0188,SEATTLE 3.3 N WA US,20130113,0.00,-9999,0.0,-9999
GHCND:US1WAKG0188,SEATTLE 3.3 N WA US,20130114,0.00,-9999,0.0,-9999
GHCND:US1WAKG0188,SEATTLE 3.3 N WA US,20130115,0.00,-9999,0.0,-9999
GHCND:US1WAKG0188,SEATTLE 3.3 N WA US,20130116,0.00,-9999,0.0,-9999
GHCND:US1WAKG0188,SEATTLE 3.3 N WA US,20130117,0.00,-9999,0.0,-9999
GHCND:US1WAKG0188,SEATTLE 3.3 N WA US,20130118,0.00,-9999,0.0,-9999
GHCND:US1WAKG0188,SEATTLE 3.3 N WA US,20130119,0.00,-9999,0.0,-9999
GHCND:US1WAKG0188,SEATTLE 3.3 N WA US,20130120,0.00,-9999,0.0,-9999
GHCND:US1WAKG0188,SEATTLE 3.3 N WA US,20130121,0.00,-9999,0.0,-9999
GHCND:US1WAKG0188,SEATTLE 3.3 N WA US,20130122,0.00,-9999,0.0,-9999
GHCND:US1WAKG0188,SEATTLE 3.3 N WA US,20130123,0.00,-9999,0.0,-9999
GHCND:US1WAKG0188,SEATTLE 3.3 N WA US,20130124,0.31,-9999,-9999,-9999
GHCND:US1WAKG0188,SEATTLE 3.3 N WA US,20130125,0.19,-9999,-9999,-9999
GHCND:US1WAKG0188,SEATTLE 3.3 N WA US,20130126,0.18,-9999,-9999,-9999
GHCND:US1WAKG0188,SEATTLE 3.3 N WA US,20130127,0.09,-9999,-9999,-9999
GHCND:US1WAKG0188,SEATTLE 3.3 N WA US,20130128,0.04,-9999,-9999,-9999
GHCND:US1WAKG0188,SEATTLE 3.3 N WA US,20130129,0.33,-9999,-9999,-9999
GHCND:US1WAKG0188,SEATTLE 3.3 N WA US,20130130,0.45,-9999,-9999,-9999
GHCND:US1WAKG0188,SEATTLE 3.3 N WA US,20130131,0.16,-9999,-9999,-9999
GHCND:US1WAKG0188,SEATTLE 3.3 N WA US,20130201,0.05,-9999,-9999,-9999
GHCND:US1WAKG0188,SEATTLE 3.3 N WA US,20130202,0.00,-9999,0.0,-9999
GHCND:US1WAKG0188,SEATTLE 3.3 N WA US,20130203,0.00,-9999,0.0,-9999
GHCND:US1WAKG0188,SEATTLE 3.3 N WA US,20130204,0.07,-9999,-9999,-9999
GHCND:US1WAKG0188,SEATTLE 3.3 N WA US,20130205,0.05,-9999,-9999,-9999
GHCND:US1WAKG0188,SEATTLE 3.3 N WA US,20130206,0.05,-9999,-9999,-9999
GHCND:US1WAKG0188,SEATTLE 3.3 N WA US,20130207,0.21,-9999,-9999,-9999
GHCND:US1WAKG0188,SEATTLE 3.3 N WA US,20130208,0.00,-9999,0.0,-9999
GHCND:US1WAKG0188,SEATTLE 3.3 N WA US,20130209,0.00,-9999,0.0,-9999
GHCND:US1WAKG0188,SEATTLE 3.3 N WA US,20130210,0.02,-9999,-9999,-9999
GHCND:US1WAKG0188,SEATTLE 3.3 N WA US,20130211,0.00,-9999,0.0,-9999
GHCND:US1WAKG0188,SEATTLE 3.3 N WA US,20130212,0.02,-9999,-9999,-9999
GHCND:US1WAKG0188,SEATTLE 3.3 N WA US,20130213,0.05,-9999,-9999,-9999
GHCND:US1WAKG0188,SEATTLE 3.3 N WA US,20130224,0.00,-9999,0.0,-9999
GHCND:US1WAKG0188,SEATTLE 3.3 N WA US,20130225,0.12,-9999,-9999,-9999
GHCND:US1WAKG0188,SEATTLE 3.3 N WA US,20130226,0.00,-9999,0.0,-9999
GHCND:US1WAKG0188,SEATTLE 3.3 N WA US,20130227,0.04,-9999,-9999,-9999
GHCND:US1WAKG0188,SEATTLE 3.3 N WA US,20130228,0.29,-9999,-9999,-9999
GHCND:US1WAKG0188,SEATTLE 3.3 N WA US,20130301,0.22,-9999,-9999,-9999
GHCND:US1WAKG0188,SEATTLE 3.3 N WA US,20130302,0.01,-9999,-9999,-9999
GHCND:US1WAKG0188,SEATTLE 3.3 N WA US,20130303,0.17,-9999,-9999,-9999
GHCND:US1WAKG0188,SEATTLE 3.3 N WA US,20130304,0.01,-9999,-9999,-9999
GHCND:US1WAKG0188,SEATTLE 3.3 N WA US,20130305,0.00,-9999,0.0,-9999
GHCND:US1WAKG0188,SEATTLE 3.3 N WA US,20130306,0.00,-9999,0.0,-9999
GHCND:US1WAKG0188,SEATTLE 3.3 N WA US,20130307,0.84,-9999,-9999,-9999
GHCND:US1WAKG0188,SEATTLE 3.3 N WA US,20130308,0.01,-9999,-9999,-9999
GHCND:US1WAKG0188,SEATTLE 3.3 N WA US,20130309,0.00,-9999,0.0,-9999
GHCND:US1WAKG0188,SEATTLE 3.3 N WA US,20130310,0.00,-9999,0.0,-9999
GHCND:US1WAKG0188,SEATTLE 3.3 N WA US,20130311,0.01,-9999,-9999,-9999
GHCND:US1WAKG0188,SEATTLE 3.3 N WA US,20130312,0.02,-9999,-9999,-9999
GHCND:US1WAKG0188,SEATTLE 3.3 N WA US,20130313,0.05,-9999,-9999,-9999
GHCND:US1WAKG0188,SEATTLE 3.3 N WA US,20130314,0.17,-9999,-9999,-9999
GHCND:US1WAKG0188,SEATTLE 3.3 N WA US,20130315,0.03,-9999,-9999,-9999
GHCND:US1WAKG0188,SEATTLE 3.3 N WA US,20130316,0.00,-9999,-9999,-9999
GHCND:US1WAKG0188,SEATTLE 3.3 N WA US,20130317,0.01,-9999,-9999,-9999
GHCND:US1WAKG0188,SEATTLE 3.3 N WA US,20130318,0.05,-9999,-9999,-9999
GHCND:US1WAKG0188,SEATTLE 3.3 N WA US,20130319,0.00,-9999,0.0,-9999
GHCND:US1WAKG0188,SEATTLE 3.3 N WA US,20130320,0.89,-9999,-9999,-9999
GHCND:US1WAKG0188,SEATTLE 3.3 N WA US,20130321,0.04,-9999,-9999,-9999
GHCND:US1WAKG0188,SEATTLE 3.3 N WA US,20130322,0.06,-9999,-9999,-9999
GHCND:US1WAKG0188,SEATTLE 3.3 N WA US,20130323,0.03,-9999,-9999,-9999
GHCND:US1WAKG0188,SEATTLE 3.3 N WA US,20130324,0.00,-9999,-9999,-9999
GHCND:US1WAKG0188,SEATTLE 3.3 N WA US,20130325,0.00,-9999,0.0,-9999
GHCND:US1WAKG0188,SEATTLE 3.3 N WA US,20130326,0.00,-9999,0.0,-9999
GHCND:US1WAKG0188,SEATTLE 3.3 N WA US,20130327,0.00,-9999,0.0,-9999
GHCND:US1WAKG0188,SEATTLE 3.3 N WA US,20130328,0.05,-9999,-9999,-9999
GHCND:US1WAKG0188,SEATTLE 3.3 N WA US,20130329,0.01,-9999,-9999,-9999
GHCND:US1WAKG0188,SEATTLE 3.3 N WA US,20130330,0.00,-9999,0.0,-9999
GHCND:US1WAKG0188,SEATTLE 3.3 N WA US,20130331,0.00,-9999,0.0,-9999
GHCND:US1WAKG0188,SEATTLE 3.3 N WA US,20130401,0.00,-9999,0.0,-9999
GHCND:US1WAKG0188,SEATTLE 3.3 N WA US,20130402,0.00,-9999,0.0,-9999
GHCND:US1WAKG0188,SEATTLE 3.3 N WA US,20130403,0.00,-9999,0.0,-9999
GHCND:US1WAKG0188,SEATTLE 3.3 N WA US,20130404,0.01,-9999,-9999,-9999
GHCND:US1WAKG0188,SEATTLE 3.3 N WA US,20130405,0.91,-9999,-9999,-9999
GHCND:US1WAKG0188,SEATTLE 3.3 N WA US,20130406,0.44,-9999,-9999,-9999
GHCND:US1WAKG0188,SEATTLE 3.3 N WA US,20130407,0.93,-9999,-9999,-9999
GHCND:US1WAKG0188,SEATTLE 3.3 N WA US,20130408,0.29,-9999,-9999,-9999
GHCND:US1WAKG0188,SEATTLE 3.3 N WA US,20130409,0.00,-9999,-9999,-9999
GHCND:US1WAKG0188,SEATTLE 3.3 N WA US,20130410,0.04,-9999,-9999,-9999
GHCND:US1WAKG0188,SEATTLE 3.3 N WA US,20130411,0.20,-9999,-9999,-9999
GHCND:US1WAKG0188,SEATTLE 3.3 N WA US,20130412,0.05,-9999,-9999,-9999
GHCND:US1WAKG0188,SEATTLE 3.3 N WA US,20130413,0.26,-9999,-9999,-9999
GHCND:US1WAKG0188,SEATTLE 3.3 N WA US,20130416,0.01,-9999,-9999,-9999
GHCND:US1WAKG0188,SEATTLE 3.3 N WA US,20130417,0.00,-9999,0.0,-9999
GHCND:US1WAKG0188,SEATTLE 3.3 N WA US,20130418,0.00,-9999,0.0,-9999
GHCND:US1WAKG0188,SEATTLE 3.3 N WA US,20130419,0.18,-9999,-9999,-9999
GHCND:US1WAKG0188,SEATTLE 3.3 N WA US,20130420,0.45,-9999,0.0,-9999
GHCND:US1WAKG0188,SEATTLE 3.3 N WA US,20130421,0.22,-9999,-9999,-9999
GHCND:US1WAKG0188,SEATTLE 3.3 N WA US,20130422,0.05,-9999,-9999,-9999
GHCND:US1WAKG0188,SEATTLE 3.3 N WA US,20130423,0.00,-9999,0.0,-9999
GHCND:US1WAKG0188,SEATTLE 3.3 N WA US,20130424,0.00,-9999,0.0,-9999
GHCND:US1WAKG0188,SEATTLE 3.3 N WA US,20130425,0.00,-9999,0.0,-9999
GHCND:US1WAKG0188,SEATTLE 3.3 N WA US,20130426,0.00,-9999,0.0,-9999
GHCND:US1WAKG0188,SEATTLE 3.3 N WA US,20130429,0.12,-9999,-9999,-9999
GHCND:US1WAKG0188,SEATTLE 3.3 N WA US,20130430,0.06,-9999,-9999,-9999
GHCND:US1WAKG0188,SEATTLE 3.3 N WA US,20130501,0.00,-9999,0.0,-9999
GHCND:US1WAKG0188,SEATTLE 3.3 N WA US,20130502,0.00,-9999,0.0,-9999
GHCND:US1WAKG0188,SEATTLE 3.3 N WA US,20130503,0.00,-9999,0.0,-9999
GHCND:US1WAKG0188,SEATTLE 3.3 N WA US,20130504,0.00,-9999,0.0,-9999
GHCND:US1WAKG0188,SEATTLE 3.3 N WA US,20130505,0.00,-9999,0.0,-9999
GHCND:US1WAKG0188,SEATTLE 3.3 N WA US,20130506,0.00,-9999,0.0,-9999
GHCND:US1WAKG0188,SEATTLE 3.3 N WA US,20130507,0.00,-9999,0.0,-9999
GHCND:US1WAKG0188,SEATTLE 3.3 N WA US,20130508,0.00,-9999,0.0,-9999
GHCND:US1WAKG0188,SEATTLE 3.3 N WA US,20130509,0.00,-9999,0.0,-9999
GHCND:US1WAKG0188,SEATTLE 3.3 N WA US,20130510,0.00,-9999,0.0,-9999
GHCND:US1WAKG0188,SEATTLE 3.3 N WA US,20130511,0.00,-9999,0.0,-9999
GHCND:US1WAKG0188,SEATTLE 3.3 N WA US,20130512,0.11,-9999,-9999,-9999
GHCND:US1WAKG0188,SEATTLE 3.3 N WA US,20130513,0.00,-9999,0.0,-9999
GHCND:US1WAKG0188,SEATTLE 3.3 N WA US,20130514,0.41,-9999,-9999,-9999
GHCND:US1WAKG0188,SEATTLE 3.3 N WA US,20130515,0.00,-9999,0.0,-9999
GHCND:US1WAKG0188,SEATTLE 3.3 N WA US,20130516,0.04,-9999,-9999,-9999
GHCND:US1WAKG0188,SEATTLE 3.3 N WA US,20130517,0.01,-9999,-9999,-9999
GHCND:US1WAKG0188,SEATTLE 3.3 N WA US,20130521,0.36,-9999,-9999,-9999
GHCND:US1WAKG0188,SEATTLE 3.3 N WA US,20130522,0.13,-9999,-9999,-9999
GHCND:US1WAKG0188,SEATTLE 3.3 N WA US,20130523,0.06,-9999,-9999,-9999
GHCND:US1WAKG0188,SEATTLE 3.3 N WA US,20130524,0.02,-9999,-9999,-9999
GHCND:US1WAKG0188,SEATTLE 3.3 N WA US,20130529,0.15,-9999,-9999,-9999
GHCND:US1WAKG0188,SEATTLE 3.3 N WA US,20130530,0.01,-9999,-9999,-9999
GHCND:US1WAKG0188,SEATTLE 3.3 N WA US,20130531,0.00,-9999,0.0,-9999
GHCND:US1WAKG0188,SEATTLE 3.3 N WA US,20130601,0.00,-9999,0.0,-9999
GHCND:US1WAKG0188,SEATTLE 3.3 N WA US,20130602,0.01,-9999,-9999,-9999
GHCND:US1WAKG0188,SEATTLE 3.3 N WA US,20130603,0.00,-9999,0.0,-9999
GHCND:US1WAKG0188,SEATTLE 3.3 N WA US,20130604,0.00,-9999,0.0,-9999
GHCND:US1WAKG0188,SEATTLE 3.3 N WA US,20130605,0.00,-9999,0.0,-9999
GHCND:US1WAKG0188,SEATTLE 3.3 N WA US,20130606,0.00,-9999,0.0,-9999
GHCND:US1WAKG0188,SEATTLE 3.3 N WA US,20130607,0.00,-9999,0.0,-9999
GHCND:US1WAKG0188,SEATTLE 3.3 N WA US,20130608,0.00,-9999,0.0,-9999
GHCND:US1WAKG0188,SEATTLE 3.3 N WA US,20130609,0.00,-9999,0.0,-9999
GHCND:US1WAKG0188,SEATTLE 3.3 N WA US,20130610,0.00,-9999,0.0,-9999
GHCND:US1WAKG0188,SEATTLE 3.3 N WA US,20130611,0.00,-9999,0.0,-9999
GHCND:US1WAKG0188,SEATTLE 3.3 N WA US,20130612,0.25,-9999,-9999,-9999
GHCND:US1WAKG0188,SEATTLE 3.3 N WA US,20130613,0.00,-9999,0.0,-9999
GHCND:US1WAKG0188,SEATTLE 3.3 N WA US,20130614,0.00,-9999,0.0,-9999
GHCND:US1WAKG0188,SEATTLE 3.3 N WA US,20130615,0.00,-9999,0.0,-9999
GHCND:US1WAKG0188,SEATTLE 3.3 N WA US,20130616,0.00,-9999,0.0,-9999
GHCND:US1WAKG0188,SEATTLE 3.3 N WA US,20130617,0.00,-9999,0.0,-9999
GHCND:US1WAKG0188,SEATTLE 3.3 N WA US,20130618,0.01,-9999,-9999,-9999
GHCND:US1WAKG0188,SEATTLE 3.3 N WA US,20130619,0.00,-9999,0.0,-9999
GHCND:US1WAKG0188,SEATTLE 3.3 N WA US,20130620,0.01,-9999,-9999,-9999
GHCND:US1WAKG0188,SEATTLE 3.3 N WA US,20130621,0.56,-9999,-9999,-9999
GHCND:US1WAKG0188,SEATTLE 3.3 N WA US,20130622,0.00,-9999,0.0,-9999
GHCND:US1WAKG0188,SEATTLE 3.3 N WA US,20130623,0.01,-9999,-9999,-9999
GHCND:US1WAKG0188,SEATTLE 3.3 N WA US,20130624,0.27,-9999,-9999,-9999
GHCND:US1WAKG0188,SEATTLE 3.3 N WA US,20130625,0.25,-9999,-9999,-9999
GHCND:US1WAKG0188,SEATTLE 3.3 N WA US,20130626,0.31,-9999,-9999,-9999
GHCND:US1WAKG0188,SEATTLE 3.3 N WA US,20130627,0.10,-9999,-9999,-9999
GHCND:US1WAKG0188,SEATTLE 3.3 N WA US,20130628,0.04,-9999,-9999,-9999
GHCND:US1WAKG0188,SEATTLE 3.3 N WA US,20130703,0.00,-9999,0.0,-9999
GHCND:US1WAKG0188,SEATTLE 3.3 N WA US,20130704,0.00,-9999,0.0,-9999
GHCND:US1WAKG0188,SEATTLE 3.3 N WA US,20130705,0.00,-9999,0.0,-9999
GHCND:US1WAKG0188,SEATTLE 3.3 N WA US,20130706,0.00,-9999,0.0,-9999
GHCND:US1WAKG0188,SEATTLE 3.3 N WA US,20130707,0.00,-9999,0.0,-9999
GHCND:US1WAKG0188,SEATTLE 3.3 N WA US,20130708,0.00,-9999,0.0,-9999
GHCND:US1WAKG0188,SEATTLE 3.3 N WA US,20130709,0.00,-9999,0.0,-9999
GHCND:US1WAKG0188,SEATTLE 3.3 N WA US,20130710,0.00,-9999,0.0,-9999
GHCND:US1WAKG0188,SEATTLE 3.3 N WA US,20130711,0.00,-9999,0.0,-9999
GHCND:US1WAKG0188,SEATTLE 3.3 N WA US,20130712,0.00,-9999,0.0,-9999
GHCND:US1WAKG0188,SEATTLE 3.3 N WA US,20130713,0.00,-9999,0.0,-9999
GHCND:US1WAKG0188,SEATTLE 3.3 N WA US,20130714,0.00,-9999,0.0,-9999
GHCND:US1WAKG0188,SEATTLE 3.3 N WA US,20130715,0.00,-9999,0.0,-9999
GHCND:US1WAKG0188,SEATTLE 3.3 N WA US,20130716,0.00,-9999,0.0,-9999
GHCND:US1WAKG0188,SEATTLE 3.3 N WA US,20130717,0.02,-9999,-9999,-9999
GHCND:US1WAKG0188,SEATTLE 3.3 N WA US,20130718,0.00,-9999,0.0,-9999
GHCND:US1WAKG0188,SEATTLE 3.3 N WA US,20130719,0.00,-9999,0.0,-9999
GHCND:US1WAKG0188,SEATTLE 3.3 N WA US,20130720,0.00,-9999,0.0,-9999
GHCND:US1WAKG0188,SEATTLE 3.3 N WA US,20130721,0.00,-9999,0.0,-9999
GHCND:US1WAKG0188,SEATTLE 3.3 N WA US,20130722,0.00,-9999,0.0,-9999
GHCND:US1WAKG0188,SEATTLE 3.3 N WA US,20130723,0.00,-9999,0.0,-9999
GHCND:US1WAKG0188,SEATTLE 3.3 N WA US,20130724,0.00,-9999,0.0,-9999
GHCND:US1WAKG0188,SEATTLE 3.3 N WA US,20130725,0.00,-9999,0.0,-9999
GHCND:US1WAKG0188,SEATTLE 3.3 N WA US,20130726,0.00,-9999,0.0,-9999
GHCND:US1WAKG0188,SEATTLE 3.3 N WA US,20130727,0.00,-9999,0.0,-9999
GHCND:US1WAKG0188,SEATTLE 3.3 N WA US,20130728,0.00,-9999,0.0,-9999
GHCND:US1WAKG0188,SEATTLE 3.3 N WA US,20130729,0.00,-9999,0.0,-9999
GHCND:US1WAKG0188,SEATTLE 3.3 N WA US,20130730,0.00,-9999,0.0,-9999
GHCND:US1WAKG0188,SEATTLE 3.3 N WA US,20130731,0.00,-9999,0.0,-9999
GHCND:US1WAKG0188,SEATTLE 3.3 N WA US,20130801,0.00,-9999,0.0,-9999
GHCND:US1WAKG0188,SEATTLE 3.3 N WA US,20130821,0.00,-9999,0.0,-9999
GHCND:US1WAKG0188,SEATTLE 3.3 N WA US,20130822,0.00,-9999,0.0,-9999
GHCND:US1WAKG0188,SEATTLE 3.3 N WA US,20130823,0.00,-9999,0.0,-9999
GHCND:US1WAKG0188,SEATTLE 3.3 N WA US,20130824,0.00,-9999,0.0,-9999
GHCND:US1WAKG0188,SEATTLE 3.3 N WA US,20130825,0.00,-9999,0.0,-9999
GHCND:US1WAKG0188,SEATTLE 3.3 N WA US,20130826,0.00,-9999,-9999,-9999
GHCND:US1WAKG0188,SEATTLE 3.3 N WA US,20130827,0.02,-9999,-9999,-9999
GHCND:US1WAKG0188,SEATTLE 3.3 N WA US,20130828,0.16,-9999,-9999,-9999
GHCND:US1WAKG0188,SEATTLE 3.3 N WA US,20130829,0.10,-9999,-9999,-9999
GHCND:US1WAKG0188,SEATTLE 3.3 N WA US,20130830,0.29,-9999,-9999,-9999
GHCND:US1WAKG0188,SEATTLE 3.3 N WA US,20130831,0.00,-9999,0.0,-9999
GHCND:US1WAKG0188,SEATTLE 3.3 N WA US,20130901,0.00,-9999,0.0,-9999
GHCND:US1WAKG0188,SEATTLE 3.3 N WA US,20130902,0.00,-9999,0.0,-9999
GHCND:US1WAKG0188,SEATTLE 3.3 N WA US,20130903,0.13,-9999,-9999,-9999
GHCND:US1WAKG0188,SEATTLE 3.3 N WA US,20130904,0.02,-9999,-9999,-9999
GHCND:US1WAKG0188,SEATTLE 3.3 N WA US,20130905,0.03,-9999,-9999,-9999
GHCND:US1WAKG0188,SEATTLE 3.3 N WA US,20130906,1.34,-9999,-9999,-9999
GHCND:US1WAKG0188,SEATTLE 3.3 N WA US,20130907,0.07,-9999,-9999,-9999
GHCND:US1WAKG0188,SEATTLE 3.3 N WA US,20130908,0.00,-9999,0.0,-9999
GHCND:US1WAKG0188,SEATTLE 3.3 N WA US,20130909,0.00,-9999,0.0,-9999
GHCND:US1WAKG0188,SEATTLE 3.3 N WA US,20130910,0.00,-9999,0.0,-9999
GHCND:US1WAKG0188,SEATTLE 3.3 N WA US,20130911,0.00,-9999,0.0,-9999
GHCND:US1WAKG0188,SEATTLE 3.3 N WA US,20130912,0.00,-9999,0.0,-9999
GHCND:US1WAKG0188,SEATTLE 3.3 N WA US,20130913,0.01,-9999,-9999,-9999
GHCND:US1WAKG0188,SEATTLE 3.3 N WA US,20130914,0.01,-9999,-9999,-9999
GHCND:US1WAKG0188,SEATTLE 3.3 N WA US,20130915,0.01,-9999,-9999,-9999
GHCND:US1WAKG0188,SEATTLE 3.3 N WA US,20130916,0.17,-9999,-9999,-9999
GHCND:US1WAKG0188,SEATTLE 3.3 N WA US,20130917,0.00,-9999,0.0,-9999
GHCND:US1WAKG0188,SEATTLE 3.3 N WA US,20130918,0.00,-9999,0.0,-9999
GHCND:US1WAKG0188,SEATTLE 3.3 N WA US,20130919,0.00,-9999,0.0,-9999
GHCND:US1WAKG0188,SEATTLE 3.3 N WA US,20130920,0.00,-9999,0.0,-9999
GHCND:US1WAKG0188,SEATTLE 3.3 N WA US,20130921,0.10,-9999,-9999,-9999
GHCND:US1WAKG0188,SEATTLE 3.3 N WA US,20130922,0.01,-9999,-9999,-9999
GHCND:US1WAKG0188,SEATTLE 3.3 N WA US,20130923,0.43,-9999,-9999,-9999
GHCND:US1WAKG0188,SEATTLE 3.3 N WA US,20130924,0.16,-9999,-9999,-9999
GHCND:US1WAKG0188,SEATTLE 3.3 N WA US,20130925,0.08,-9999,-9999,-9999
GHCND:US1WAKG0188,SEATTLE 3.3 N WA US,20130926,0.01,-9999,-9999,-9999
GHCND:US1WAKG0188,SEATTLE 3.3 N WA US,20130927,0.01,-9999,-9999,-9999
GHCND:US1WAKG0188,SEATTLE 3.3 N WA US,20130928,0.44,-9999,-9999,-9999
GHCND:US1WAKG0188,SEATTLE 3.3 N WA US,20130929,1.11,-9999,-9999,-9999
GHCND:US1WAKG0188,SEATTLE 3.3 N WA US,20130930,0.53,-9999,-9999,-9999
GHCND:US1WAKG0188,SEATTLE 3.3 N WA US,20131001,0.10,-9999,-9999,-9999
GHCND:US1WAKG0188,SEATTLE 3.3 N WA US,20131002,0.19,-9999,-9999,-9999
GHCND:US1WAKG0188,SEATTLE 3.3 N WA US,20131003,0.23,-9999,-9999,-9999
GHCND:US1WAKG0188,SEATTLE 3.3 N WA US,20131008,0.02,-9999,-9999,-9999
GHCND:US1WAKG0188,SEATTLE 3.3 N WA US,20131009,0.07,-9999,-9999,-9999
GHCND:US1WAKG0188,SEATTLE 3.3 N WA US,20131010,0.01,-9999,-9999,-9999
GHCND:US1WAKG0188,SEATTLE 3.3 N WA US,20131011,0.02,-9999,-9999,-9999
GHCND:US1WAKG0188,SEATTLE 3.3 N WA US,20131012,0.07,-9999,-9999,-9999
GHCND:US1WAKG0188,SEATTLE 3.3 N WA US,20131013,0.01,-9999,-9999,-9999
GHCND:US1WAKG0188,SEATTLE 3.3 N WA US,20131014,0.00,-9999,-9999,-9999
GHCND:US1WAKG0188,SEATTLE 3.3 N WA US,20131015,0.00,-9999,0.0,-9999
GHCND:US1WAKG0188,SEATTLE 3.3 N WA US,20131016,0.00,-9999,0.0,-9999
GHCND:US1WAKG0188,SEATTLE 3.3 N WA US,20131017,0.00,-9999,0.0,-9999
GHCND:US1WAKG0188,SEATTLE 3.3 N WA US,20131018,0.00,-9999,0.0,-9999
GHCND:US1WAKG0188,SEATTLE 3.3 N WA US,20131019,0.01,-9999,-9999,-9999
GHCND:US1WAKG0188,SEATTLE 3.3 N WA US,20131020,0.01,-9999,-9999,-9999
GHCND:US1WAKG0188,SEATTLE 3.3 N WA US,20131021,0.01,-9999,-9999,-9999
GHCND:US1WAKG0188,SEATTLE 3.3 N WA US,20131022,0.01,-9999,-9999,-9999
GHCND:US1WAKG0188,SEATTLE 3.3 N WA US,20131023,0.01,-9999,-9999,-9999
GHCND:US1WAKG0188,SEATTLE 3.3 N WA US,20131024,0.01,-9999,-9999,-9999
GHCND:US1WAKG0188,SEATTLE 3.3 N WA US,20131025,0.02,-9999,-9999,-9999
GHCND:US1WAKG0188,SEATTLE 3.3 N WA US,20131026,0.01,-9999,-9999,-9999
GHCND:US1WAKG0188,SEATTLE 3.3 N WA US,20131027,0.10,-9999,-9999,-9999
GHCND:US1WAKG0188,SEATTLE 3.3 N WA US,20131028,0.09,-9999,-9999,-9999
GHCND:US1WAKG0188,SEATTLE 3.3 N WA US,20131029,0.01,-9999,-9999,-9999
GHCND:US1WAKG0188,SEATTLE 3.3 N WA US,20131030,0.00,-9999,-9999,-9999
GHCND:US1WAKG0188,SEATTLE 3.3 N WA US,20131031,0.02,-9999,-9999,-9999
GHCND:US1WAKG0188,SEATTLE 3.3 N WA US,20131101,0.00,-9999,-9999,-9999
GHCND:US1WAKG0188,SEATTLE 3.3 N WA US,20131102,0.42,-9999,-9999,-9999
GHCND:US1WAKG0188,SEATTLE 3.3 N WA US,20131103,0.03,-9999,-9999,-9999
GHCND:US1WAKG0188,SEATTLE 3.3 N WA US,20131104,0.01,-9999,-9999,-9999
GHCND:US1WAKG0188,SEATTLE 3.3 N WA US,20131105,0.05,-9999,-9999,-9999
GHCND:US1WAKG0188,SEATTLE 3.3 N WA US,20131106,0.02,-9999,-9999,-9999
GHCND:US1WAKG0188,SEATTLE 3.3 N WA US,20131107,0.52,-9999,-9999,-9999
GHCND:US1WAKG0188,SEATTLE 3.3 N WA US,20131108,0.25,-9999,-9999,-9999
GHCND:US1WAKG0188,SEATTLE 3.3 N WA US,20131109,0.00,-9999,-9999,-9999
GHCND:US1WAKG0188,SEATTLE 3.3 N WA US,20131110,0.11,-9999,-9999,-9999
GHCND:US1WAKG0188,SEATTLE 3.3 N WA US,20131111,0.00,-9999,-9999,-9999
GHCND:US1WAKG0188,SEATTLE 3.3 N WA US,20131112,0.12,-9999,-9999,-9999
GHCND:US1WAKG0188,SEATTLE 3.3 N WA US,20131113,0.01,-9999,-9999,-9999
GHCND:US1WAKG0188,SEATTLE 3.3 N WA US,20131114,0.01,-9999,-9999,-9999
GHCND:US1WAKG0188,SEATTLE 3.3 N WA US,20131115,0.04,-9999,-9999,-9999
GHCND:US1WAKG0188,SEATTLE 3.3 N WA US,20131116,0.13,-9999,-9999,-9999
GHCND:US1WAKG0188,SEATTLE 3.3 N WA US,20131117,0.00,-9999,-9999,-9999
GHCND:US1WAKG0188,SEATTLE 3.3 N WA US,20131118,0.00,-9999,-9999,-9999
GHCND:US1WAKG0188,SEATTLE 3.3 N WA US,20131119,0.73,-9999,-9999,-9999
GHCND:US1WAKG0188,SEATTLE 3.3 N WA US,20131120,0.06,-9999,-9999,-9999
GHCND:US1WAKG0188,SEATTLE 3.3 N WA US,20131121,0.00,-9999,-9999,-9999
GHCND:US1WAKG0188,SEATTLE 3.3 N WA US,20131122,0.00,-9999,0.0,-9999
GHCND:US1WAKG0188,SEATTLE 3.3 N WA US,20131123,0.00,-9999,0.0,-9999
GHCND:US1WAKG0188,SEATTLE 3.3 N WA US,20131124,0.00,-9999,0.0,-9999
GHCND:US1WAKG0188,SEATTLE 3.3 N WA US,20131125,0.00,-9999,0.0,-9999
GHCND:US1WAKG0188,SEATTLE 3.3 N WA US,20131126,0.00,-9999,0.0,-9999
GHCND:US1WAKG0188,SEATTLE 3.3 N WA US,20131127,0.00,-9999,0.0,-9999
GHCND:US1WAKG0188,SEATTLE 3.3 N WA US,20131128,0.00,-9999,0.0,-9999
GHCND:US1WAKG0188,SEATTLE 3.3 N WA US,20131129,0.01,-9999,-9999,-9999
GHCND:US1WAKG0188,SEATTLE 3.3 N WA US,20131202,0.01,-9999,-9999,-9999
GHCND:US1WAKG0188,SEATTLE 3.3 N WA US,20131203,0.06,-9999,-9999,-9999
GHCND:US1WAKG0188,SEATTLE 3.3 N WA US,20131204,0.01,-9999,-9999,-9999
GHCND:US1WAKG0188,SEATTLE 3.3 N WA US,20131205,0.00,-9999,0.0,-9999
GHCND:US1WAKG0188,SEATTLE 3.3 N WA US,20131206,0.00,-9999,0.0,-9999
GHCND:US1WAKG0188,SEATTLE 3.3 N WA US,20131207,0.00,-9999,0.0,-9999
GHCND:US1WAKG0188,SEATTLE 3.3 N WA US,20131208,0.00,-9999,0.0,-9999
GHCND:US1WAKG0188,SEATTLE 3.3 N WA US,20131209,0.00,-9999,0.0,-9999
GHCND:US1WAKG0188,SEATTLE 3.3 N WA US,20131210,0.00,-9999,0.0,-9999
GHCND:US1WAKG0188,SEATTLE 3.3 N WA US,20131211,0.00,-9999,0.0,-9999
GHCND:US1WAKG0188,SEATTLE 3.3 N WA US,20131212,0.00,-9999,0.0,-9999
GHCND:US1WAKG0188,SEATTLE 3.3 N WA US,20131213,0.11,-9999,-9999,-9999
GHCND:US1WAKG0188,SEATTLE 3.3 N WA US,20131214,0.01,-9999,-9999,-9999
GHCND:US1WAKG0188,SEATTLE 3.3 N WA US,20131215,0.01,-9999,-9999,-9999
GHCND:US1WAKG0188,SEATTLE 3.3 N WA US,20131216,0.07,-9999,-9999,-9999
GHCND:US1WAKG0188,SEATTLE 3.3 N WA US,20131217,0.01,-9999,-9999,-9999
GHCND:US1WAKG0188,SEATTLE 3.3 N WA US,20131218,0.00,-9999,-9999,-9999
GHCND:US1WAKG0188,SEATTLE 3.3 N WA US,20131219,0.03,-9999,-9999,-9999
GHCND:US1WAKG0188,SEATTLE 3.3 N WA US,20131220,0.10,1.0,1.0,0.1
GHCND:US1WAKG0188,SEATTLE 3.3 N WA US,20131224,0.01,-9999,-9999,-9999
GHCND:US1WAKG0188,SEATTLE 3.3 N WA US,20131225,0.01,-9999,-9999,-9999
GHCND:US1WAKG0188,SEATTLE 3.3 N WA US,20131226,0.00,-9999,-9999,-9999
GHCND:US1WAKG0188,SEATTLE 3.3 N WA US,20131227,0.01,-9999,-9999,-9999
GHCND:US1WAKG0188,SEATTLE 3.3 N WA US,20131228,0.04,-9999,-9999,-9999
GHCND:US1WAKG0188,SEATTLE 3.3 N WA US,20131229,0.01,-9999,-9999,-9999
GHCND:US1WAKG0188,SEATTLE 3.3 N WA US,20131230,0.00,-9999,-9999,-9999
GHCND:US1WAKG0188,SEATTLE 3.3 N WA US,20131231,0.00,-9999,-9999,-9999
GHCND:US1WAKG0188,SEATTLE 3.3 N WA US,20140101,0.01,-9999,-9999,-9999
GHCND:US1WAKG0188,SEATTLE 3.3 N WA US,20140102,0.03,-9999,-9999,-9999
GHCND:US1WAKG0188,SEATTLE 3.3 N WA US,20140103,0.36,-9999,-9999,-9999
GHCND:US1WAKG0188,SEATTLE 3.3 N WA US,20140104,0.04,-9999,-9999,-9999
GHCND:US1WAKG0188,SEATTLE 3.3 N WA US,20140105,0.00,-9999,-9999,-9999
GHCND:US1WAKG0188,SEATTLE 3.3 N WA US,20140106,0.00,-9999,-9999,-9999
GHCND:US1WAKG0188,SEATTLE 3.3 N WA US,20140107,0.25,-9999,-9999,-9999
GHCND:US1WAKG0188,SEATTLE 3.3 N WA US,20140108,0.26,-9999,-9999,-9999
GHCND:US1WAKG0188,SEATTLE 3.3 N WA US,20140109,0.39,-9999,-9999,-9999
GHCND:US1WAKG0188,SEATTLE 3.3 N WA US,20140110,0.09,-9999,-9999,-9999
GHCND:US1WAKG0188,SEATTLE 3.3 N WA US,20140111,0.57,-9999,-9999,-9999
GHCND:US1WAKG0188,SEATTLE 3.3 N WA US,20140112,0.45,-9999,-9999,-9999
GHCND:US1WAKG0188,SEATTLE 3.3 N WA US,20140113,0.01,-9999,-9999,-9999
GHCND:US1WAKG0188,SEATTLE 3.3 N WA US,20140114,0.00,-9999,0.0,-9999
GHCND:US1WAKG0188,SEATTLE 3.3 N WA US,20140115,0.00,-9999,0.0,-9999
GHCND:US1WAKG0188,SEATTLE 3.3 N WA US,20140116,0.00,-9999,0.0,-9999
GHCND:US1WAKG0188,SEATTLE 3.3 N WA US,20140117,0.00,-9999,0.0,-9999
GHCND:US1WAKG0188,SEATTLE 3.3 N WA US,20140118,0.00,-9999,0.0,-9999
GHCND:US1WAKG0188,SEATTLE 3.3 N WA US,20140119,0.00,-9999,-9999,-9999
GHCND:US1WAKG0188,SEATTLE 3.3 N WA US,20140120,0.00,-9999,-9999,-9999
GHCND:US1WAKG0188,SEATTLE 3.3 N WA US,20140121,0.00,-9999,-9999,-9999
GHCND:US1WAKG0188,SEATTLE 3.3 N WA US,20140122,0.01,-9999,-9999,-9999
GHCND:US1WAKG0188,SEATTLE 3.3 N WA US,20140123,0.00,-9999,-9999,-9999
GHCND:US1WAKG0188,SEATTLE 3.3 N WA US,20140124,0.00,-9999,0.0,-9999
GHCND:US1WAKG0188,SEATTLE 3.3 N WA US,20140125,0.00,-9999,-9999,-9999
GHCND:US1WAKG0188,SEATTLE 3.3 N WA US,20140126,0.00,-9999,-9999,-9999
GHCND:US1WAKG0188,SEATTLE 3.3 N WA US,20140127,0.00,-9999,-9999,-9999
GHCND:US1WAKG0188,SEATTLE 3.3 N WA US,20140128,0.01,-9999,-9999,-9999
GHCND:US1WAKG0188,SEATTLE 3.3 N WA US,20140129,0.79,-9999,-9999,-9999
GHCND:US1WAKG0188,SEATTLE 3.3 N WA US,20140130,0.32,-9999,-9999,-9999
GHCND:US1WAKG0188,SEATTLE 3.3 N WA US,20140131,0.08,-9999,-9999,-9999
GHCND:US1WAKG0188,SEATTLE 3.3 N WA US,20140201,0.00,-9999,-9999,-9999
GHCND:US1WAKG0188,SEATTLE 3.3 N WA US,20140202,0.01,-9999,-9999,-9999
GHCND:US1WAKG0188,SEATTLE 3.3 N WA US,20140203,0.00,-9999,-9999,-9999
GHCND:US1WAKG0188,SEATTLE 3.3 N WA US,20140204,0.00,-9999,0.0,-9999
GHCND:US1WAKG0188,SEATTLE 3.3 N WA US,20140205,0.00,-9999,0.0,-9999
GHCND:US1WAKG0188,SEATTLE 3.3 N WA US,20140206,0.00,-9999,0.0,-9999
GHCND:US1WAKG0188,SEATTLE 3.3 N WA US,20140207,0.00,-9999,0.0,-9999
GHCND:US1WAKG0188,SEATTLE 3.3 N WA US,20140208,0.00,-9999,0.0,-9999
GHCND:US1WAKG0188,SEATTLE 3.3 N WA US,20140209,0.22,-9999,1.3,0.2
GHCND:US1WAKG0188,SEATTLE 3.3 N WA US,20140210,0.38,-9999,-9999,-9999
GHCND:US1WAKG0188,SEATTLE 3.3 N WA US,20140211,0.08,-9999,-9999,-9999
GHCND:US1WAKG0188,SEATTLE 3.3 N WA US,20140212,0.68,-9999,-9999,-9999
GHCND:US1WAKG0188,SEATTLE 3.3 N WA US,20140213,0.06,-9999,-9999,-9999
GHCND:US1WAKG0188,SEATTLE 3.3 N WA US,20140214,0.29,-9999,-9999,-9999
GHCND:US1WAKG0188,SEATTLE 3.3 N WA US,20140221,0.01,-9999,-9999,-9999
GHCND:US1WAKG0188,SEATTLE 3.3 N WA US,20140222,0.01,-9999,-9999,-9999
GHCND:US1WAKG0188,SEATTLE 3.3 N WA US,20140223,0.17,-9999,-9999,-9999
GHCND:US1WAKG0188,SEATTLE 3.3 N WA US,20140224,0.20,-9999,-9999,-9999
GHCND:US1WAKG0188,SEATTLE 3.3 N WA US,20140225,0.32,-9999,-9999,-9999
GHCND:US1WAKG0188,SEATTLE 3.3 N WA US,20140226,0.00,-9999,-9999,-9999
GHCND:US1WAKG0188,SEATTLE 3.3 N WA US,20140227,0.00,-9999,-9999,-9999
GHCND:US1WAKG0188,SEATTLE 3.3 N WA US,20140228,0.00,-9999,0.0,-9999
GHCND:US1WAKG0188,SEATTLE 3.3 N WA US,20140301,0.00,-9999,0.0,-9999
GHCND:US1WAKG0188,SEATTLE 3.3 N WA US,20140302,0.06,-9999,-9999,-9999
GHCND:US1WAKG0188,SEATTLE 3.3 N WA US,20140303,1.21,-9999,-9999,-9999
GHCND:US1WAKG0188,SEATTLE 3.3 N WA US,20140304,0.17,-9999,-9999,-9999
GHCND:US1WAKG0188,SEATTLE 3.3 N WA US,20140305,1.54,-9999,-9999,-9999
GHCND:US1WAKG0188,SEATTLE 3.3 N WA US,20140306,0.77,-9999,-9999,-9999
GHCND:US1WAKG0188,SEATTLE 3.3 N WA US,20140307,0.01,-9999,-9999,-9999
GHCND:US1WAKG0188,SEATTLE 3.3 N WA US,20140308,0.01,-9999,-9999,-9999
GHCND:US1WAKG0188,SEATTLE 3.3 N WA US,20140309,1.15,-9999,-9999,-9999
GHCND:US1WAKG0188,SEATTLE 3.3 N WA US,20140310,0.46,-9999,-9999,-9999
GHCND:US1WAKG0188,SEATTLE 3.3 N WA US,20140311,0.27,-9999,-9999,-9999
GHCND:US1WAKG0188,SEATTLE 3.3 N WA US,20140312,0.00,-9999,-9999,-9999
GHCND:US1WAKG0188,SEATTLE 3.3 N WA US,20140313,0.00,-9999,-9999,-9999
GHCND:US1WAKG0188,SEATTLE 3.3 N WA US,20140314,0.04,-9999,-9999,-9999
GHCND:US1WAKG0188,SEATTLE 3.3 N WA US,20140315,0.17,-9999,-9999,-9999
GHCND:US1WAKG0188,SEATTLE 3.3 N WA US,20140318,0.01,-9999,-9999,-9999
GHCND:US1WAKG0188,SEATTLE 3.3 N WA US,20140319,0.01,-9999,-9999,-9999
GHCND:US1WAKG0188,SEATTLE 3.3 N WA US,20140320,0.13,-9999,-9999,-9999
GHCND:US1WAKG0188,SEATTLE 3.3 N WA US,20140323,0.00,-9999,-9999,-9999
GHCND:US1WAKG0188,SEATTLE 3.3 N WA US,20140324,0.00,-9999,0.0,-9999
GHCND:US1WAKG0188,SEATTLE 3.3 N WA US,20140325,0.02,-9999,-9999,-9999
GHCND:US1WAKG0188,SEATTLE 3.3 N WA US,20140326,0.26,-9999,-9999,-9999
GHCND:US1WAKG0188,SEATTLE 3.3 N WA US,20140327,0.08,-9999,-9999,-9999
GHCND:US1WAKG0188,SEATTLE 3.3 N WA US,20140328,0.14,-9999,-9999,-9999
GHCND:US1WAKG0188,SEATTLE 3.3 N WA US,20140329,0.65,-9999,-9999,-9999
GHCND:US1WAKG0188,SEATTLE 3.3 N WA US,20140330,0.42,-9999,0.0,-9999
GHCND:US1WAKG0188,SEATTLE 3.3 N WA US,20140331,0.00,-9999,-9999,-9999
GHCND:US1WAKG0188,SEATTLE 3.3 N WA US,20140401,0.00,-9999,-9999,-9999
GHCND:US1WAKG0188,SEATTLE 3.3 N WA US,20140403,0.00,-9999,0.0,-9999
GHCND:US1WAKG0188,SEATTLE 3.3 N WA US,20140404,0.12,-9999,-9999,-9999
GHCND:US1WAKG0188,SEATTLE 3.3 N WA US,20140405,0.03,-9999,-9999,-9999
GHCND:US1WAKG0188,SEATTLE 3.3 N WA US,20140408,0.00,-9999,-9999,-9999
GHCND:US1WAKG0188,SEATTLE 3.3 N WA US,20140409,0.29,-9999,-9999,-9999
GHCND:US1WAKG0188,SEATTLE 3.3 N WA US,20140410,0.00,-9999,-9999,-9999
GHCND:US1WAKG0188,SEATTLE 3.3 N WA US,20140411,0.00,-9999,0.0,-9999
GHCND:US1WAKG0188,SEATTLE 3.3 N WA US,20140412,0.00,-9999,0.0,-9999
GHCND:US1WAKG0188,SEATTLE 3.3 N WA US,20140413,0.00,-9999,0.0,-9999
GHCND:US1WAKG0188,SEATTLE 3.3 N WA US,20140414,0.00,-9999,0.0,-9999
GHCND:US1WAKG0188,SEATTLE 3.3 N WA US,20140415,0.05,-9999,-9999,-9999
GHCND:US1WAKG0188,SEATTLE 3.3 N WA US,20140416,0.04,-9999,-9999,-9999
GHCND:US1WAKG0188,SEATTLE 3.3 N WA US,20140417,0.24,-9999,-9999,-9999
GHCND:US1WAKG0188,SEATTLE 3.3 N WA US,20140418,0.70,-9999,-9999,-9999
GHCND:US1WAKG0188,SEATTLE 3.3 N WA US,20140419,0.00,-9999,-9999,-9999
GHCND:US1WAKG0188,SEATTLE 3.3 N WA US,20140428,0.01,-9999,-9999,-9999
GHCND:US1WAKG0188,SEATTLE 3.3 N WA US,20140429,0.00,-9999,0.0,-9999
GHCND:US1WAKG0188,SEATTLE 3.3 N WA US,20140430,0.00,-9999,0.0,-9999
GHCND:US1WAKG0188,SEATTLE 3.3 N WA US,20140501,0.00,-9999,0.0,-9999
GHCND:US1WAKG0188,SEATTLE 3.3 N WA US,20140502,0.00,-9999,0.0,-9999
GHCND:US1WAKG0188,SEATTLE 3.3 N WA US,20140503,0.03,-9999,-9999,-9999
GHCND:US1WAKG0188,SEATTLE 3.3 N WA US,20140504,1.14,-9999,-9999,-9999
GHCND:US1WAKG0188,SEATTLE 3.3 N WA US,20140505,0.26,-9999,-9999,-9999
GHCND:US1WAKG0188,SEATTLE 3.3 N WA US,20140506,0.00,-9999,-9999,-9999
GHCND:US1WAKG0188,SEATTLE 3.3 N WA US,20140507,0.00,-9999,0.0,-9999
GHCND:US1WAKG0188,SEATTLE 3.3 N WA US,20140508,0.00,-9999,0.0,-9999
GHCND:US1WAKG0188,SEATTLE 3.3 N WA US,20140509,0.39,-9999,-9999,-9999
GHCND:US1WAKG0188,SEATTLE 3.3 N WA US,20140510,0.05,-9999,-9999,-9999
GHCND:US1WAKG0188,SEATTLE 3.3 N WA US,20140511,0.00,-9999,-9999,-9999
GHCND:US1WAKG0188,SEATTLE 3.3 N WA US,20140512,0.00,-9999,0.0,-9999
GHCND:US1WAKG0188,SEATTLE 3.3 N WA US,20140513,0.00,-9999,0.0,-9999
GHCND:US1WAKG0188,SEATTLE 3.3 N WA US,20140514,0.00,-9999,0.0,-9999
GHCND:US1WAKG0188,SEATTLE 3.3 N WA US,20140515,0.00,-9999,0.0,-9999
GHCND:US1WAKG0188,SEATTLE 3.3 N WA US,20140516,0.00,-9999,0.0,-9999
GHCND:US1WAKG0188,SEATTLE 3.3 N WA US,20140517,0.00,-9999,-9999,-9999
GHCND:US1WAKG0188,SEATTLE 3.3 N WA US,20140518,0.00,-9999,0.0,-9999
GHCND:US1WAKG0188,SEATTLE 3.3 N WA US,20140519,0.23,-9999,-9999,-9999
GHCND:US1WAKG0188,SEATTLE 3.3 N WA US,20140520,0.00,-9999,0.0,-9999
GHCND:US1WAKG0188,SEATTLE 3.3 N WA US,20140521,0.00,-9999,0.0,-9999
GHCND:US1WAKG0188,SEATTLE 3.3 N WA US,20140522,0.00,-9999,0.0,-9999
GHCND:US1WAKG0188,SEATTLE 3.3 N WA US,20140523,0.04,-9999,-9999,-9999
GHCND:US1WAKG0188,SEATTLE 3.3 N WA US,20140528,0.00,-9999,0.0,-9999
GHCND:US1WAKG0188,SEATTLE 3.3 N WA US,20140529,0.00,-9999,-9999,-9999
GHCND:US1WAKG0188,SEATTLE 3.3 N WA US,20140530,0.00,-9999,0.0,-9999
GHCND:US1WAKG0188,SEATTLE 3.3 N WA US,20140531,0.00,-9999,0.0,-9999
GHCND:US1WAKG0188,SEATTLE 3.3 N WA US,20140601,0.00,-9999,0.0,-9999
GHCND:US1WAKG0188,SEATTLE 3.3 N WA US,20140602,0.00,-9999,0.0,-9999
GHCND:US1WAKG0188,SEATTLE 3.3 N WA US,20140603,0.00,-9999,0.0,-9999
GHCND:US1WAKG0188,SEATTLE 3.3 N WA US,20140604,0.00,-9999,0.0,-9999
GHCND:US1WAKG0188,SEATTLE 3.3 N WA US,20140605,0.00,-9999,0.0,-9999
GHCND:US1WAKG0188,SEATTLE 3.3 N WA US,20140606,0.00,-9999,0.0,-9999
GHCND:US1WAKG0188,SEATTLE 3.3 N WA US,20140607,0.00,-9999,0.0,-9999
GHCND:US1WAKG0188,SEATTLE 3.3 N WA US,20140608,0.00,-9999,0.0,-9999
GHCND:US1WAKG0188,SEATTLE 3.3 N WA US,20140609,0.04,-9999,-9999,-9999
GHCND:US1WAKG0188,SEATTLE 3.3 N WA US,20140610,0.00,-9999,0.0,-9999
GHCND:US1WAKG0188,SEATTLE 3.3 N WA US,20140611,0.00,-9999,0.0,-9999
GHCND:US1WAKG0188,SEATTLE 3.3 N WA US,20140612,0.00,-9999,0.0,-9999
GHCND:US1WAKG0188,SEATTLE 3.3 N WA US,20140613,0.14,-9999,-9999,-9999
GHCND:US1WAKG0188,SEATTLE 3.3 N WA US,20140616,0.21,-9999,-9999,-9999
GHCND:US1WAKG0188,SEATTLE 3.3 N WA US,20140617,0.11,-9999,-9999,-9999
GHCND:US1WAKG0188,SEATTLE 3.3 N WA US,20140618,0.00,-9999,-9999,-9999
GHCND:US1WAKG0188,SEATTLE 3.3 N WA US,20140619,0.00,-9999,0.0,-9999
GHCND:US1WAKG0188,SEATTLE 3.3 N WA US,20140620,0.05,-9999,-9999,-9999
GHCND:US1WAKG0188,SEATTLE 3.3 N WA US,20140621,0.00,-9999,0.0,-9999
GHCND:US1WAKG0188,SEATTLE 3.3 N WA US,20140623,0.00,-9999,0.0,-9999
GHCND:US1WAKG0188,SEATTLE 3.3 N WA US,20140624,0.02,-9999,-9999,-9999
GHCND:US1WAKG0188,SEATTLE 3.3 N WA US,20140625,0.00,-9999,0.0,-9999
GHCND:US1WAKG0188,SEATTLE 3.3 N WA US,20140626,0.00,-9999,-9999,-9999
GHCND:US1WAKG0188,SEATTLE 3.3 N WA US,20140627,0.04,-9999,-9999,-9999
GHCND:US1WAKG0188,SEATTLE 3.3 N WA US,20140628,0.14,-9999,-9999,-9999
GHCND:US1WAKG0188,SEATTLE 3.3 N WA US,20140629,0.00,-9999,-9999,-9999
GHCND:US1WAKG0188,SEATTLE 3.3 N WA US,20140630,0.00,-9999,0.0,-9999
GHCND:US1WAKG0188,SEATTLE 3.3 N WA US,20140701,0.00,-9999,0.0,-9999
GHCND:US1WAKG0188,SEATTLE 3.3 N WA US,20140702,0.00,-9999,0.0,-9999
GHCND:US1WAKG0188,SEATTLE 3.3 N WA US,20140703,0.00,-9999,0.0,-9999
GHCND:US1WAKG0188,SEATTLE 3.3 N WA US,20140704,0.00,-9999,0.0,-9999
GHCND:US1WAKG0188,SEATTLE 3.3 N WA US,20140708,0.00,-9999,0.0,-9999
GHCND:US1WAKG0188,SEATTLE 3.3 N WA US,20140709,0.00,-9999,0.0,-9999
GHCND:US1WAKG0188,SEATTLE 3.3 N WA US,20140710,0.00,-9999,0.0,-9999
GHCND:US1WAKG0188,SEATTLE 3.3 N WA US,20140711,0.00,-9999,0.0,-9999
GHCND:US1WAKG0188,SEATTLE 3.3 N WA US,20140714,0.00,-9999,0.0,-9999
GHCND:US1WAKG0188,SEATTLE 3.3 N WA US,20140715,0.00,-9999,0.0,-9999
GHCND:US1WAKG0188,SEATTLE 3.3 N WA US,20140716,0.00,-9999,0.0,-9999
GHCND:US1WAKG0188,SEATTLE 3.3 N WA US,20140717,0.00,-9999,0.0,-9999
GHCND:US1WAKG0188,SEATTLE 3.3 N WA US,20140718,0.00,-9999,0.0,-9999
GHCND:US1WAKG0188,SEATTLE 3.3 N WA US,20140719,0.00,-9999,0.0,-9999
GHCND:US1WAKG0188,SEATTLE 3.3 N WA US,20140720,0.12,-9999,-9999,-9999
GHCND:US1WAKG0188,SEATTLE 3.3 N WA US,20140721,0.02,-9999,-9999,-9999
GHCND:US1WAKG0188,SEATTLE 3.3 N WA US,20140722,0.00,-9999,0.0,-9999
GHCND:US1WAKG0188,SEATTLE 3.3 N WA US,20140723,0.13,-9999,-9999,-9999
GHCND:US1WAKG0188,SEATTLE 3.3 N WA US,20140724,0.54,-9999,-9999,-9999
GHCND:US1WAKG0188,SEATTLE 3.3 N WA US,20140725,0.09,-9999,-9999,-9999
GHCND:US1WAKG0188,SEATTLE 3.3 N WA US,20140726,0.00,-9999,0.0,-9999
GHCND:US1WAKG0188,SEATTLE 3.3 N WA US,20140729,0.00,-9999,0.0,-9999
GHCND:US1WAKG0188,SEATTLE 3.3 N WA US,20140730,0.00,-9999,0.0,-9999
GHCND:US1WAKG0188,SEATTLE 3.3 N WA US,20140731,0.00,-9999,0.0,-9999
GHCND:US1WAKG0188,SEATTLE 3.3 N WA US,20140801,0.00,-9999,0.0,-9999
GHCND:US1WAKG0188,SEATTLE 3.3 N WA US,20140802,0.00,-9999,0.0,-9999
GHCND:US1WAKG0188,SEATTLE 3.3 N WA US,20140803,0.00,-9999,0.0,-9999
GHCND:US1WAKG0188,SEATTLE 3.3 N WA US,20140804,0.00,-9999,0.0,-9999
GHCND:US1WAKG0188,SEATTLE 3.3 N WA US,20140805,0.00,-9999,0.0,-9999
GHCND:US1WAKG0188,SEATTLE 3.3 N WA US,20140821,0.00,-9999,-9999,-9999
GHCND:US1WAKG0188,SEATTLE 3.3 N WA US,20140823,0.00,-9999,0.0,-9999
GHCND:US1WAKG0188,SEATTLE 3.3 N WA US,20140824,0.00,-9999,0.0,-9999
GHCND:US1WAKG0188,SEATTLE 3.3 N WA US,20140825,0.00,-9999,0.0,-9999
GHCND:US1WAKG0188,SEATTLE 3.3 N WA US,20140826,0.00,-9999,0.0,-9999
GHCND:US1WAKG0188,SEATTLE 3.3 N WA US,20140827,0.00,-9999,0.0,-9999
GHCND:US1WAKG0188,SEATTLE 3.3 N WA US,20140828,0.00,-9999,0.0,-9999
GHCND:US1WAKG0188,SEATTLE 3.3 N WA US,20140829,0.00,-9999,0.0,-9999
GHCND:US1WAKG0188,SEATTLE 3.3 N WA US,20140903,0.30,-9999,-9999,-9999
GHCND:US1WAKG0188,SEATTLE 3.3 N WA US,20140904,0.00,-9999,0.0,-9999
GHCND:US1WAKG0188,SEATTLE 3.3 N WA US,20140905,0.00,-9999,0.0,-9999
GHCND:US1WAKG0188,SEATTLE 3.3 N WA US,20140906,0.00,-9999,0.0,-9999
GHCND:US1WAKG0188,SEATTLE 3.3 N WA US,20140907,0.00,-9999,0.0,-9999
GHCND:US1WAKG0188,SEATTLE 3.3 N WA US,20140908,0.00,-9999,0.0,-9999
GHCND:US1WAKG0188,SEATTLE 3.3 N WA US,20140909,0.03,-9999,-9999,-9999
GHCND:US1WAKG0188,SEATTLE 3.3 N WA US,20140910,0.00,-9999,0.0,-9999
GHCND:US1WAKG0188,SEATTLE 3.3 N WA US,20140911,0.00,-9999,0.0,-9999
GHCND:US1WAKG0188,SEATTLE 3.3 N WA US,20140912,0.00,-9999,0.0,-9999
GHCND:US1WAKG0188,SEATTLE 3.3 N WA US,20140913,0.00,-9999,0.0,-9999
GHCND:US1WAKG0188,SEATTLE 3.3 N WA US,20140914,0.00,-9999,0.0,-9999
GHCND:US1WAKG0188,SEATTLE 3.3 N WA US,20140915,0.00,-9999,0.0,-9999
GHCND:US1WAKG0188,SEATTLE 3.3 N WA US,20140916,0.00,-9999,0.0,-9999
GHCND:US1WAKG0188,SEATTLE 3.3 N WA US,20140917,0.00,-9999,0.0,-9999
GHCND:US1WAKG0188,SEATTLE 3.3 N WA US,20140918,0.05,-9999,-9999,-9999
GHCND:US1WAKG0188,SEATTLE 3.3 N WA US,20140919,0.01,-9999,-9999,-9999
GHCND:US1WAKG0188,SEATTLE 3.3 N WA US,20140922,0.00,-9999,0.0,-9999
GHCND:US1WAKG0188,SEATTLE 3.3 N WA US,20140923,0.00,-9999,0.0,-9999
GHCND:US1WAKG0188,SEATTLE 3.3 N WA US,20140924,1.12,-9999,-9999,-9999
GHCND:US1WAKG0188,SEATTLE 3.3 N WA US,20140925,0.31,-9999,-9999,-9999
GHCND:US1WAKG0188,SEATTLE 3.3 N WA US,20140926,0.31,-9999,-9999,-9999
GHCND:US1WAKG0188,SEATTLE 3.3 N WA US,20140927,0.06,-9999,-9999,-9999
GHCND:US1WAKG0188,SEATTLE 3.3 N WA US,20140928,0.00,-9999,0.0,-9999
GHCND:US1WAKG0188,SEATTLE 3.3 N WA US,20140929,0.00,-9999,-9999,-9999
GHCND:US1WAKG0188,SEATTLE 3.3 N WA US,20140930,0.20,-9999,-9999,-9999
GHCND:US1WAKG0188,SEATTLE 3.3 N WA US,20141001,0.00,-9999,-9999,-9999
GHCND:US1WAKG0188,SEATTLE 3.3 N WA US,20141002,0.00,-9999,0.0,-9999
GHCND:US1WAKG0188,SEATTLE 3.3 N WA US,20141003,0.00,-9999,0.0,-9999
GHCND:US1WAKG0188,SEATTLE 3.3 N WA US,20141004,0.00,-9999,0.0,-9999
GHCND:US1WAKG0188,SEATTLE 3.3 N WA US,20141006,0.00,-9999,0.0,-9999
GHCND:US1WAKG0188,SEATTLE 3.3 N WA US,20141007,0.00,-9999,0.0,-9999
GHCND:US1WAKG0188,SEATTLE 3.3 N WA US,20141008,0.00,-9999,0.0,-9999
GHCND:US1WAKG0188,SEATTLE 3.3 N WA US,20141009,0.01,-9999,-9999,-9999
GHCND:US1WAKG0188,SEATTLE 3.3 N WA US,20141010,0.00,-9999,-9999,-9999
GHCND:US1WAKG0188,SEATTLE 3.3 N WA US,20141011,0.00,-9999,-9999,-9999
GHCND:US1WAKG0188,SEATTLE 3.3 N WA US,20141012,0.01,-9999,-9999,-9999
GHCND:US1WAKG0188,SEATTLE 3.3 N WA US,20141013,0.00,-9999,-9999,-9999
GHCND:US1WAKG0188,SEATTLE 3.3 N WA US,20141014,0.58,-9999,-9999,-9999
GHCND:US1WAKG0188,SEATTLE 3.3 N WA US,20141015,0.22,-9999,-9999,-9999
GHCND:US1WAKG0188,SEATTLE 3.3 N WA US,20141016,0.19,-9999,-9999,-9999
GHCND:US1WAKG0188,SEATTLE 3.3 N WA US,20141017,0.02,-9999,-9999,-9999
GHCND:US1WAKG0188,SEATTLE 3.3 N WA US,20141020,0.20,-9999,-9999,-9999
GHCND:US1WAKG0188,SEATTLE 3.3 N WA US,20141021,0.17,-9999,-9999,-9999
GHCND:US1WAKG0188,SEATTLE 3.3 N WA US,20141022,0.41,-9999,-9999,-9999
GHCND:US1WAKG0188,SEATTLE 3.3 N WA US,20141023,1.18,-9999,-9999,-9999
GHCND:US1WAKG0188,SEATTLE 3.3 N WA US,20141024,0.24,-9999,-9999,-9999
GHCND:US1WAKG0188,SEATTLE 3.3 N WA US,20141025,0.27,-9999,-9999,-9999
GHCND:US1WAKG0188,SEATTLE 3.3 N WA US,20141026,0.27,-9999,-9999,-9999
GHCND:US1WAKG0188,SEATTLE 3.3 N WA US,20141027,0.01,-9999,-9999,-9999
GHCND:US1WAKG0188,SEATTLE 3.3 N WA US,20141028,0.32,-9999,-9999,-9999
GHCND:US1WAKG0188,SEATTLE 3.3 N WA US,20141029,0.47,-9999,-9999,-9999
GHCND:US1WAKG0188,SEATTLE 3.3 N WA US,20141030,0.00,-9999,-9999,-9999
GHCND:US1WAKG0188,SEATTLE 3.3 N WA US,20141104,0.32,-9999,-9999,-9999
GHCND:US1WAKG0188,SEATTLE 3.3 N WA US,20141105,0.02,-9999,-9999,-9999
GHCND:US1WAKG0188,SEATTLE 3.3 N WA US,20141106,0.48,-9999,-9999,-9999
GHCND:US1WAKG0188,SEATTLE 3.3 N WA US,20141107,0.28,-9999,-9999,-9999
GHCND:US1WAKG0188,SEATTLE 3.3 N WA US,20141108,0.00,-9999,-9999,-9999
GHCND:US1WAKG0188,SEATTLE 3.3 N WA US,20141109,0.05,-9999,-9999,-9999
GHCND:US1WAKG0188,SEATTLE 3.3 N WA US,20141110,0.13,-9999,-9999,-9999
GHCND:US1WAKG0188,SEATTLE 3.3 N WA US,20141111,0.00,-9999,-9999,-9999
GHCND:US1WAKG0188,SEATTLE 3.3 N WA US,20141113,0.00,-9999,0.0,-9999
GHCND:US1WAKG0188,SEATTLE 3.3 N WA US,20141114,0.00,-9999,0.0,-9999
GHCND:US1WAKG0188,SEATTLE 3.3 N WA US,20141115,0.00,-9999,0.0,-9999
GHCND:US1WAKG0188,SEATTLE 3.3 N WA US,20141117,0.00,-9999,0.0,-9999
GHCND:US1WAKG0188,SEATTLE 3.3 N WA US,20141118,0.00,-9999,0.0,-9999
GHCND:US1WAKG0188,SEATTLE 3.3 N WA US,20141119,0.00,-9999,0.0,-9999
GHCND:US1WAKG0188,SEATTLE 3.3 N WA US,20141120,0.10,-9999,-9999,-9999
GHCND:US1WAKG0188,SEATTLE 3.3 N WA US,20141121,0.09,-9999,-9999,-9999
GHCND:US1WAKG0188,SEATTLE 3.3 N WA US,20141122,0.55,-9999,-9999,-9999
GHCND:US1WAKG0188,SEATTLE 3.3 N WA US,20141123,0.46,-9999,-9999,-9999
GHCND:US1WAKG0188,SEATTLE 3.3 N WA US,20141124,0.00,-9999,0.0,-9999
GHCND:US1WAKG0188,SEATTLE 3.3 N WA US,20141125,0.18,-9999,-9999,-9999
GHCND:US1WAKG0188,SEATTLE 3.3 N WA US,20141126,0.08,-9999,-9999,-9999
GHCND:US1WAKG0188,SEATTLE 3.3 N WA US,20141128,0.42,-9999,-9999,-9999
GHCND:US1WAKG0188,SEATTLE 3.3 N WA US,20141129,1.08,1.0,1.0,0.1
GHCND:US1WAKG0188,SEATTLE 3.3 N WA US,20141130,0.00,-9999,0.0,-9999
GHCND:US1WAKG0188,SEATTLE 3.3 N WA US,20141201,0.00,-9999,0.0,-9999
GHCND:US1WAKG0188,SEATTLE 3.3 N WA US,20141202,0.00,-9999,0.0,-9999
GHCND:US1WAKG0188,SEATTLE 3.3 N WA US,20141203,0.00,-9999,0.0,-9999
GHCND:US1WAKG0188,SEATTLE 3.3 N WA US,20141204,0.00,-9999,0.0,-9999
GHCND:US1WAKG0188,SEATTLE 3.3 N WA US,20141205,0.14,-9999,-9999,-9999
GHCND:US1WAKG0188,SEATTLE 3.3 N WA US,20141206,0.34,-9999,-9999,-9999
GHCND:US1WAKG0188,SEATTLE 3.3 N WA US,20141207,0.03,-9999,-9999,-9999
GHCND:US1WAKG0188,SEATTLE 3.3 N WA US,20141208,0.01,-9999,-9999,-9999
GHCND:US1WAKG0188,SEATTLE 3.3 N WA US,20141209,0.79,-9999,-9999,-9999
GHCND:US1WAKG0188,SEATTLE 3.3 N WA US,20141210,0.59,-9999,-9999,-9999
GHCND:US1WAKG0188,SEATTLE 3.3 N WA US,20141211,0.37,-9999,-9999,-9999
GHCND:US1WAKG0188,SEATTLE 3.3 N WA US,20141212,0.36,-9999,-9999,-9999
GHCND:US1WAKG0188,SEATTLE 3.3 N WA US,20141214,0.01,-9999,-9999,-9999
GHCND:US1WAKG0188,SEATTLE 3.3 N WA US,20141215,0.00,-9999,-9999,-9999
GHCND:US1WAKG0188,SEATTLE 3.3 N WA US,20141216,0.00,-9999,0.0,-9999
GHCND:US1WAKG0188,SEATTLE 3.3 N WA US,20141217,0.06,-9999,-9999,-9999
GHCND:US1WAKG0188,SEATTLE 3.3 N WA US,20141218,0.15,-9999,-9999,-9999
GHCND:US1WAKG0188,SEATTLE 3.3 N WA US,20141219,0.65,-9999,-9999,-9999
GHCND:US1WAKG0188,SEATTLE 3.3 N WA US,20141220,0.35,-9999,-9999,-9999
GHCND:US1WAKG0188,SEATTLE 3.3 N WA US,20141221,0.28,-9999,-9999,-9999
GHCND:US1WAKG0188,SEATTLE 3.3 N WA US,20141222,0.00,-9999,-9999,-9999
GHCND:US1WAKG0188,SEATTLE 3.3 N WA US,20141224,1.15,-9999,-9999,-9999
GHCND:US1WAKG0188,SEATTLE 3.3 N WA US,20141225,0.04,-9999,-9999,-9999
GHCND:US1WAKG0188,SEATTLE 3.3 N WA US,20150103,0.03,-9999,-9999,-9999
GHCND:US1WAKG0188,SEATTLE 3.3 N WA US,20150104,0.11,-9999,-9999,-9999
GHCND:US1WAKG0188,SEATTLE 3.3 N WA US,20150105,0.21,-9999,-9999,-9999
GHCND:US1WAKG0188,SEATTLE 3.3 N WA US,20150106,0.06,-9999,-9999,-9999
GHCND:US1WAKG0188,SEATTLE 3.3 N WA US,20150107,0.01,-9999,-9999,-9999
GHCND:US1WAKG0188,SEATTLE 3.3 N WA US,20150108,0.00,-9999,-9999,-9999
GHCND:US1WAKG0188,SEATTLE 3.3 N WA US,20150109,0.00,-9999,-9999,-9999
GHCND:US1WAKG0188,SEATTLE 3.3 N WA US,20150110,0.09,-9999,-9999,-9999
GHCND:US1WAKG0188,SEATTLE 3.3 N WA US,20150111,0.07,-9999,-9999,-9999
GHCND:US1WAKG0188,SEATTLE 3.3 N WA US,20150112,0.04,-9999,-9999,-9999
GHCND:US1WAKG0188,SEATTLE 3.3 N WA US,20150113,0.00,-9999,-9999,-9999
GHCND:US1WAKG0188,SEATTLE 3.3 N WA US,20150114,0.00,-9999,0.0,-9999
GHCND:US1WAKG0188,SEATTLE 3.3 N WA US,20150115,0.00,-9999,0.0,-9999
GHCND:US1WAKG0188,SEATTLE 3.3 N WA US,20150116,0.47,-9999,-9999,-9999
GHCND:US1WAKG0188,SEATTLE 3.3 N WA US,20150121,0.00,-9999,0.0,-9999
GHCND:US1WAKG0188,SEATTLE 3.3 N WA US,20150122,0.01,-9999,-9999,-9999
GHCND:US1WAKG0188,SEATTLE 3.3 N WA US,20150123,0.06,-9999,-9999,-9999
GHCND:US1WAKG0188,SEATTLE 3.3 N WA US,20150126,0.01,-9999,-9999,-9999
GHCND:US1WAKG0188,SEATTLE 3.3 N WA US,20150127,0.00,-9999,-9999,-9999
GHCND:US1WAKG0188,SEATTLE 3.3 N WA US,20150128,0.10,-9999,-9999,-9999
GHCND:US1WAKG0188,SEATTLE 3.3 N WA US,20150129,0.00,-9999,0.0,-9999
GHCND:US1WAKG0188,SEATTLE 3.3 N WA US,20150130,0.00,-9999,0.0,-9999
GHCND:US1WAKG0188,SEATTLE 3.3 N WA US,20150131,0.01,-9999,-9999,-9999
GHCND:US1WAKG0188,SEATTLE 3.3 N WA US,20150202,0.07,-9999,-9999,-9999
GHCND:US1WAKG0188,SEATTLE 3.3 N WA US,20150203,0.26,-9999,-9999,-9999
GHCND:US1WAKG0188,SEATTLE 3.3 N WA US,20150204,0.07,-9999,-9999,-9999
GHCND:US1WAKG0188,SEATTLE 3.3 N WA US,20150205,0.69,-9999,-9999,-9999
GHCND:US1WAKG0188,SEATTLE 3.3 N WA US,20150206,0.67,-9999,-9999,-9999
GHCND:US1WAKG0188,SEATTLE 3.3 N WA US,20150207,0.87,-9999,-9999,-9999
GHCND:US1WAKG0188,SEATTLE 3.3 N WA US,20150210,0.19,-9999,-9999,-9999
GHCND:US1WAKG0188,SEATTLE 3.3 N WA US,20150211,0.00,-9999,-9999,-9999
GHCND:US1WAKG0188,SEATTLE 3.3 N WA US,20150212,0.01,-9999,-9999,-9999
GHCND:US1WAKG0188,SEATTLE 3.3 N WA US,20150213,0.00,-9999,0.0,-9999
GHCND:US1WAKG0188,SEATTLE 3.3 N WA US,20150214,0.03,-9999,-9999,-9999
GHCND:US1WAKG0188,SEATTLE 3.3 N WA US,20150215,0.00,-9999,0.0,-9999
GHCND:US1WAKG0188,SEATTLE 3.3 N WA US,20150216,0.00,-9999,0.0,-9999
GHCND:US1WAKG0188,SEATTLE 3.3 N WA US,20150217,0.00,-9999,0.0,-9999
GHCND:US1WAKG0188,SEATTLE 3.3 N WA US,20150218,0.00,-9999,0.0,-9999
GHCND:US1WAKG0188,SEATTLE 3.3 N WA US,20150219,0.00,-9999,0.0,-9999
GHCND:US1WAKG0188,SEATTLE 3.3 N WA US,20150220,0.08,-9999,-9999,-9999
GHCND:US1WAKG0188,SEATTLE 3.3 N WA US,20150222,0.00,-9999,0.0,-9999
GHCND:US1WAKG0188,SEATTLE 3.3 N WA US,20150223,0.00,-9999,0.0,-9999
GHCND:US1WAKG0188,SEATTLE 3.3 N WA US,20150224,0.00,-9999,0.0,-9999
GHCND:US1WAKG0188,SEATTLE 3.3 N WA US,20150225,0.00,-9999,0.0,-9999
GHCND:US1WAKG0188,SEATTLE 3.3 N WA US,20150226,0.06,-9999,-9999,-9999
GHCND:US1WAKG0188,SEATTLE 3.3 N WA US,20150227,0.64,-9999,-9999,-9999
GHCND:US1WAKG0188,SEATTLE 3.3 N WA US,20150228,0.07,-9999,-9999,-9999
GHCND:US1WAKG0188,SEATTLE 3.3 N WA US,20150301,0.01,-9999,-9999,-9999
GHCND:US1WAKG0188,SEATTLE 3.3 N WA US,20150302,0.00,-9999,0.0,-9999
GHCND:US1WAKG0188,SEATTLE 3.3 N WA US,20150303,0.00,-9999,0.0,-9999
GHCND:US1WAKG0188,SEATTLE 3.3 N WA US,20150304,0.00,-9999,0.0,-9999
GHCND:US1WAKG0188,SEATTLE 3.3 N WA US,20150305,0.00,-9999,0.0,-9999
GHCND:US1WAKG0188,SEATTLE 3.3 N WA US,20150306,0.00,-9999,0.0,-9999
GHCND:US1WAKG0188,SEATTLE 3.3 N WA US,20150309,0.00,-9999,0.0,-9999
GHCND:US1WAKG0188,SEATTLE 3.3 N WA US,20150310,0.00,-9999,0.0,-9999
GHCND:US1WAKG0188,SEATTLE 3.3 N WA US,20150311,0.02,-9999,-9999,-9999
GHCND:US1WAKG0188,SEATTLE 3.3 N WA US,20150312,0.06,-9999,-9999,-9999
GHCND:US1WAKG0188,SEATTLE 3.3 N WA US,20150313,0.00,-9999,-9999,-9999
GHCND:US1WAKG0188,SEATTLE 3.3 N WA US,20150314,0.64,-9999,-9999,-9999
GHCND:US1WAKG0188,SEATTLE 3.3 N WA US,20150315,0.54,-9999,-9999,-9999
GHCND:US1WAKG0188,SEATTLE 3.3 N WA US,20150316,1.64,-9999,-9999,-9999
GHCND:US1WAKG0188,SEATTLE 3.3 N WA US,20150317,0.00,-9999,-9999,-9999
GHCND:US1WAKG0188,SEATTLE 3.3 N WA US,20150318,0.02,-9999,-9999,-9999
GHCND:US1WAKG0188,SEATTLE 3.3 N WA US,20150319,0.00,-9999,-9999,-9999
GHCND:US1WAKG0188,SEATTLE 3.3 N WA US,20150320,0.03,-9999,-9999,-9999
GHCND:US1WAKG0188,SEATTLE 3.3 N WA US,20150321,0.11,-9999,-9999,-9999
GHCND:US1WAKG0188,SEATTLE 3.3 N WA US,20150324,0.41,-9999,-9999,-9999
GHCND:US1WAKG0188,SEATTLE 3.3 N WA US,20150325,0.16,-9999,-9999,-9999
GHCND:US1WAKG0188,SEATTLE 3.3 N WA US,20150326,0.03,-9999,-9999,-9999
GHCND:US1WAKG0188,SEATTLE 3.3 N WA US,20150327,0.00,-9999,0.0,-9999
GHCND:US1WAKG0188,SEATTLE 3.3 N WA US,20150328,0.01,-9999,-9999,-9999
GHCND:US1WAKG0188,SEATTLE 3.3 N WA US,20150329,0.00,-9999,-9999,-9999
GHCND:US1WAKG0188,SEATTLE 3.3 N WA US,20150330,0.00,-9999,0.0,-9999
GHCND:US1WAKG0188,SEATTLE 3.3 N WA US,20150331,0.06,-9999,-9999,-9999
GHCND:US1WAKG0188,SEATTLE 3.3 N WA US,20150401,0.17,-9999,-9999,-9999
GHCND:US1WAKG0188,SEATTLE 3.3 N WA US,20150402,0.19,-9999,-9999,-9999
GHCND:US1WAKG0188,SEATTLE 3.3 N WA US,20150403,0.01,-9999,-9999,-9999
GHCND:US1WAKG0188,SEATTLE 3.3 N WA US,20150404,0.02,-9999,-9999,-9999
GHCND:US1WAKG0188,SEATTLE 3.3 N WA US,20150405,0.01,-9999,-9999,-9999
GHCND:US1WAKG0188,SEATTLE 3.3 N WA US,20150406,0.00,-9999,-9999,-9999
GHCND:US1WAKG0188,SEATTLE 3.3 N WA US,20150407,0.00,-9999,0.0,-9999
GHCND:US1WAKG0188,SEATTLE 3.3 N WA US,20150408,0.03,-9999,-9999,-9999
GHCND:US1WAKG0188,SEATTLE 3.3 N WA US,20150409,0.01,-9999,-9999,-9999
GHCND:US1WAKG0188,SEATTLE 3.3 N WA US,20150410,0.00,-9999,-9999,-9999
GHCND:US1WAKG0188,SEATTLE 3.3 N WA US,20150412,0.04,-9999,-9999,-9999
GHCND:US1WAKG0188,SEATTLE 3.3 N WA US,20150413,0.00,-9999,-9999,-9999
GHCND:US1WAKG0188,SEATTLE 3.3 N WA US,20150414,0.39,-9999,-9999,-9999
GHCND:US1WAKG0188,SEATTLE 3.3 N WA US,20150415,0.01,-9999,-9999,-9999
GHCND:US1WAKG0188,SEATTLE 3.3 N WA US,20150416,0.00,-9999,0.0,-9999
GHCND:US1WAKG0188,SEATTLE 3.3 N WA US,20150417,0.00,-9999,0.0,-9999
GHCND:US1WAKG0188,SEATTLE 3.3 N WA US,20150427,0.00,-9999,-9999,-9999
GHCND:US1WAKG0188,SEATTLE 3.3 N WA US,20150428,0.00,-9999,0.0,-9999
GHCND:US1WAKG0188,SEATTLE 3.3 N WA US,20150429,0.09,-9999,-9999,-9999
GHCND:US1WAKG0188,SEATTLE 3.3 N WA US,20150430,0.01,-9999,-9999,-9999
GHCND:US1WAKG0188,SEATTLE 3.3 N WA US,20150501,0.00,-9999,0.0,-9999
GHCND:US1WAKG0188,SEATTLE 3.3 N WA US,20150502,0.00,-9999,0.0,-9999
GHCND:US1WAKG0188,SEATTLE 3.3 N WA US,20150503,0.00,-9999,0.0,-9999
GHCND:US1WAKG0188,SEATTLE 3.3 N WA US,20150504,0.00,-9999,0.0,-9999
GHCND:US1WAKG0188,SEATTLE 3.3 N WA US,20150505,0.07,-9999,-9999,-9999
GHCND:US1WAKG0188,SEATTLE 3.3 N WA US,20150506,0.44,-9999,-9999,-9999
